[
    {
        "id": 1,
        "name": "Dance Concert",
        "date": "15th-June-2024",
        "description": "All Dance Lovers, Let's have a party!!. Ticket price will be 100 rs. only",
        "image": "/event_img/dance.jpg"
    },
    {
        "id": 2,
        "name": "Music Concert",
        "date": "1st-July-2024",
        "description": "People who loves Rock Music, Please come to the town hall!!. Ticket price will be 700 rs. only",
        "image": "/event_img/music.jpg"
    },
    {
        "id": 3,
        "name": "Open Mike",
        "date": "5th-July-2024",
        "description": "Let's join the open mike for poem, story, standup etc. Entry is free!!!",
        "image": "/event_img/open mike.jpg"
    },
    {
        "id": 4,
        "name": "Yoga League",
        "date": "8th-July-2024",
        "description": "The 8th edition of Jaipur Yoga League (JYL) Championship is set to be an awe-inspiring event where yoga warriors showcase their talent which is an epitome of strength, flexibility and hard work..",
        "image": "/event_img/yoga.jpg"
    },
    {
        "id": 5,
        "name": "Social Event",
        "date": "14th-July-2024",
        "description": "Join us for a fun-filled gathering in Jaipur where you can meet new people, make friends, and enjoy a great time together. This event is all about connecting with others and having a good time in a relaxed setting. Whether you're new to the city or a long-time resident, this is the perfect opportunity to socialize and have some fun. Don't miss out on this chance to expand your social circle and create lasting memories. See you there!",
        "image": "/event_img/social_event.jpg"
    },
    {
        "id": 6,
        "name": "Nature Walk",
        "date": "20th-July-2024",
        "description": "Welcome to our event where we will help you uncover your purpose and passion in life! Join us for an inspiring nature walk filled with practical tips and guidance on how to discover what truly drives you.",
        "image": "/event_img/nature_walk.jpg"
    },
    {
        "id": 7,
        "name": "Dance Concert",
        "date": "15th-June-2024",
        "description": "All Dance Lovers, Let's have a party!!. Ticket price will be 100 rs. only",
        "image": "/event_img/dance.jpg"
    },
    {
        "id": 8,
        "name": "Music Concert",
        "date": "1st-July-2024",
        "description": "People who loves Rock Music, Please come to the town hall!!. Ticket price will be 700 rs. only",
        "image": "/event_img/music.jpg"
    },
    {
        "id": 9,
        "name": "Open Mike",
        "date": "5th-July-2024",
        "description": "Let's join the open mike for poem, story, standup etc. Entry is free!!!",
        "image": "/event_img/open mike.jpg"
    },
    {
        "id": 10,
        "name": "Yoga League",
        "date": "8th-July-2024",
        "description": "The 8th edition of Jaipur Yoga League (JYL) Championship is set to be an awe-inspiring event where yoga warriors showcase their talent which is an epitome of strength, flexibility and hard work..",
        "image": "/event_img/yoga.jpg"
    },
    {
        "id": 11,
        "name": "Social Event",
        "date": "14th-July-2024",
        "description": "Join us for a fun-filled gathering in Jaipur where you can meet new people, make friends, and enjoy a great time together. This event is all about connecting with others and having a good time in a relaxed setting. Whether you're new to the city or a long-time resident, this is the perfect opportunity to socialize and have some fun. Don't miss out on this chance to expand your social circle and create lasting memories. See you there!",
        "image": "/event_img/social_event.jpg"
    },
    {
        "id": 12,
        "name": "Nature Walk",
        "date": "20th-July-2024",
        "description": "Welcome to our event where we will help you uncover your purpose and passion in life! Join us for an inspiring nature walk filled with practical tips and guidance on how to discover what truly drives you.",
        "image": "/event_img/nature_walk.jpg"
    }
]